{"loss": 4.84790628310293, "cancer_loss": 0.6602598940953612, "aux_loss": 0.8375293016433716, "lr": 0.0003, "epoch": 0, "_timestamp": 1673374242.077853, "_runtime": 39.9363009929657, "_step": 120}